timestamp,strikePrice,Theo ES,Rank,Greek,Value,cum_gam,cum_vec
2025-03-26 06:51:15,5600.0,5649.75,Call DEX 1,DEX,6.613,,
2025-03-26 06:51:15,5650.0,5700.25,Call DEX 4,DEX,4.09,,
2025-03-26 06:51:15,5665.0,5715.25,Call DEX 5,DEX,3.675,,
2025-03-26 06:51:15,5700.0,5750.5,Call CEX 2,CEX,597800.073,,
2025-03-26 06:51:15,5700.0,5750.5,Call DEX 3,DEX,5.635,,
2025-03-26 06:51:15,5700.0,5750.5,Call VEX 2,VEX,23408.213,,
2025-03-26 06:51:15,5715.0,5765.75,Call CEX 3,CEX,441311.14,,
2025-03-26 06:51:15,5715.0,5765.75,Put GEX 2,GEX,-25152.796,,
2025-03-26 06:51:15,5715.0,5765.75,Call VEX 3,VEX,17320.882,,
2025-03-26 06:51:15,5720.0,5770.75,Call CEX 5,CEX,378178.703,,
2025-03-26 06:51:15,5720.0,5770.75,Put GEX 5,GEX,-19861.154,,
2025-03-26 06:51:15,5720.0,5770.75,Call VEX 5,VEX,14859.145,,
2025-03-26 06:51:15,5725.0,5775.75,Call CEX 1,CEX,811613.432,,
2025-03-26 06:51:15,5725.0,5775.75,Call DEX 2,DEX,5.805,,
2025-03-26 06:51:15,5725.0,5775.75,Put GEX 4,GEX,-21946.507,,
2025-03-26 06:51:15,5725.0,5775.75,Call VEX 1,VEX,31931.647,,
2025-03-26 06:51:15,5745.0,5796.0,Put GEX 1,GEX,-33820.329,,
2025-03-26 06:51:15,5750.0,5801.0,Call CEX 4,CEX,407658.73,,
2025-03-26 06:51:15,5750.0,5801.0,Put GEX 3,GEX,-24575.984,,
2025-03-26 06:51:15,5750.0,5801.0,Call VEX 4,VEX,16303.151,,
2025-03-26 06:51:15,5775.0,5826.25,Put DEX 4,DEX,-1.905,,
2025-03-26 06:51:15,5790.0,5841.25,Call GEX 5,GEX,32390.523,,
2025-03-26 06:51:15,5795.0,5846.5,Put CEX 4,CEX,-552826.353,,
2025-03-26 06:51:15,5795.0,5846.5,Call GEX 1,GEX,79231.571,,
2025-03-26 06:51:15,5795.0,5846.5,Put VEX 4,VEX,-20937.977,,
2025-03-26 06:51:15,5800.0,5851.5,Put CEX 1,CEX,-1295760.553,,
2025-03-26 06:51:15,5800.0,5851.5,Put DEX 1,DEX,-5.52,,
2025-03-26 06:51:15,5800.0,5851.5,Call GEX 2,GEX,67981.775,,
2025-03-26 06:51:15,5800.0,5851.5,Put VEX 1,VEX,-49281.457,,
2025-03-26 06:51:15,5810.0,5861.5,Put CEX 5,CEX,-476947.951,,
2025-03-26 06:51:15,5810.0,5861.5,Call GEX 3,GEX,41769.163,,
2025-03-26 06:51:15,5810.0,5861.5,Put VEX 5,VEX,-18233.999,,
2025-03-26 06:51:15,5820.0,5871.75,Put CEX 3,CEX,-585277.593,,
2025-03-26 06:51:15,5820.0,5871.75,Call GEX 4,GEX,39336.021,,
2025-03-26 06:51:15,5820.0,5871.75,Put VEX 3,VEX,-22444.84,,
2025-03-26 06:51:15,5825.0,5876.75,Put DEX 2,DEX,-2.457,,
2025-03-26 06:51:15,5850.0,5902.0,Put CEX 2,CEX,-595792.426,,
2025-03-26 06:51:15,5850.0,5902.0,Put DEX 3,DEX,-2.061,,
2025-03-26 06:51:15,5850.0,5902.0,Put VEX 2,VEX,-22953.789,,
2025-03-26 06:51:15,5870.0,5922.0,Put DEX 5,DEX,-1.498,,
2025-03-26 06:53:34,5700.0,5750.25,Call CEX 2,CEX,455938.741,6035.813883135923,6035.813883135923
2025-03-26 06:53:34,5700.0,5750.25,Put GEX 5,GEX,-24988.253,6035.813883135923,6035.813883135923
2025-03-26 06:53:34,5700.0,5750.25,Call VEX 2,VEX,17711.703,6035.813883135923,6035.813883135923
2025-03-26 06:53:34,5715.0,5765.25,Call CEX 4,CEX,411682.44,6035.813883135923,6035.813883135923
2025-03-26 06:53:34,5715.0,5765.25,Put GEX 3,GEX,-28760.345,6035.813883135923,6035.813883135923
2025-03-26 06:53:34,5715.0,5765.25,Call VEX 4,VEX,16029.785,6035.813883135923,6035.813883135923
2025-03-26 06:53:34,5720.0,5770.25,Put GEX 4,GEX,-25055.099,6035.813883135923,6035.813883135923
2025-03-26 06:53:34,5725.0,5775.5,Call CEX 1,CEX,544722.434,6035.813883135923,6035.813883135923
2025-03-26 06:53:34,5725.0,5775.5,Put DEX 5,DEX,-1.759,6035.813883135923,6035.813883135923
2025-03-26 06:53:34,5725.0,5775.5,Put GEX 1,GEX,-46565.325,6035.813883135923,6035.813883135923
2025-03-26 06:53:34,5725.0,5775.5,Call VEX 1,VEX,21261.207,6035.813883135923,6035.813883135923
2025-03-26 06:53:34,5730.0,5780.5,Call DEX 3,DEX,1.89,6035.813883135923,6035.813883135923
2025-03-26 06:53:34,5740.0,5790.5,Call DEX 4,DEX,1.444,6035.813883135923,6035.813883135923
2025-03-26 06:53:34,5745.0,5795.5,Call CEX 5,CEX,336643.465,6035.813883135923,6035.813883135923
2025-03-26 06:53:34,5745.0,5795.5,Put GEX 2,GEX,-32846.253,6035.813883135923,6035.813883135923
2025-03-26 06:53:34,5745.0,5795.5,Call VEX 5,VEX,13279.027,6035.813883135923,6035.813883135923
2025-03-26 06:53:34,5750.0,5800.75,Call CEX 3,CEX,416542.77,6035.813883135923,6035.813883135923
2025-03-26 06:53:34,5750.0,5800.75,Call DEX 5,DEX,1.259,6035.813883135923,6035.813883135923
2025-03-26 06:53:34,5750.0,5800.75,Call VEX 3,VEX,16527.827,6035.813883135923,6035.813883135923
2025-03-26 06:53:34,5765.0,5815.75,Call DEX 1,DEX,2.577,6035.813883135923,6035.813883135923
2025-03-26 06:53:34,5775.0,5825.75,Put DEX 4,DEX,-1.943,6035.813883135923,6035.813883135923
2025-03-26 06:53:34,5780.0,5831.0,Call GEX 3,GEX,43939.637,6035.813883135923,6035.813883135923
2025-03-26 06:53:34,5795.0,5846.0,Put CEX 3,CEX,-560946.681,6035.813883135923,6035.813883135923
2025-03-26 06:53:34,5795.0,5846.0,Call DEX 2,DEX,2.116,6035.813883135923,6035.813883135923
2025-03-26 06:53:34,5795.0,5846.0,Call GEX 1,GEX,79712.939,6035.813883135923,6035.813883135923
2025-03-26 06:53:34,5795.0,5846.0,Put VEX 3,VEX,-21086.114,6035.813883135923,6035.813883135923
2025-03-26 06:53:34,5800.0,5851.0,Put CEX 1,CEX,-1291404.469,6035.813883135923,6035.813883135923
2025-03-26 06:53:34,5800.0,5851.0,Put DEX 1,DEX,-5.097,6035.813883135923,6035.813883135923
2025-03-26 06:53:34,5800.0,5851.0,Call GEX 2,GEX,67739.343,6035.813883135923,6035.813883135923
2025-03-26 06:53:34,5800.0,5851.0,Put VEX 1,VEX,-48743.205,6035.813883135923,6035.813883135923
2025-03-26 06:53:34,5810.0,5861.25,Put CEX 5,CEX,-475304.639,6035.813883135923,6035.813883135923
2025-03-26 06:53:34,5810.0,5861.25,Call GEX 4,GEX,40127.722,6035.813883135923,6035.813883135923
2025-03-26 06:53:34,5810.0,5861.25,Put VEX 5,VEX,-18031.398,6035.813883135923,6035.813883135923
2025-03-26 06:53:34,5820.0,5871.25,Put CEX 2,CEX,-598431.056,6035.813883135923,6035.813883135923
2025-03-26 06:53:34,5820.0,5871.25,Call GEX 5,GEX,36639.012,6035.813883135923,6035.813883135923
2025-03-26 06:53:34,5820.0,5871.25,Put VEX 2,VEX,-22771.572,6035.813883135923,6035.813883135923
2025-03-26 06:53:34,5825.0,5876.25,Put DEX 2,DEX,-2.236,6035.813883135923,6035.813883135923
2025-03-26 06:53:34,5850.0,5901.5,Put CEX 4,CEX,-523010.443,6035.813883135923,6035.813883135923
2025-03-26 06:53:34,5850.0,5901.5,Put DEX 3,DEX,-2.057,6035.813883135923,6035.813883135923
2025-03-26 06:53:34,5850.0,5901.5,Put VEX 4,VEX,-19992.42,6035.813883135923,6035.813883135923
2025-03-26 06:54:48,5600.0,5648.75,Call DEX 1,DEX,6.599,,
2025-03-26 06:54:48,5650.0,5699.0,Call DEX 4,DEX,4.044,,
2025-03-26 06:54:48,5665.0,5714.25,Call DEX 5,DEX,3.629,,
2025-03-26 06:54:48,5700.0,5749.5,Call CEX 2,CEX,657881.995,,
2025-03-26 06:54:48,5700.0,5749.5,Call DEX 2,DEX,5.424,,
2025-03-26 06:54:48,5700.0,5749.5,Call VEX 2,VEX,25479.5,,
2025-03-26 06:54:48,5715.0,5764.75,Call CEX 3,CEX,471677.082,,
2025-03-26 06:54:48,5715.0,5764.75,Put GEX 2,GEX,-28797.374,,
2025-03-26 06:54:48,5715.0,5764.75,Call VEX 3,VEX,18316.514,,
2025-03-26 06:54:48,5720.0,5769.75,Call CEX 4,CEX,399238.503,,
2025-03-26 06:54:48,5720.0,5769.75,Put GEX 5,GEX,-22625.021,,
2025-03-26 06:54:48,5720.0,5769.75,Call VEX 4,VEX,15523.245,,
2025-03-26 06:54:48,5725.0,5774.75,Call CEX 1,CEX,847453.925,,
2025-03-26 06:54:48,5725.0,5774.75,Call DEX 3,DEX,5.374,,
2025-03-26 06:54:48,5725.0,5774.75,Put GEX 4,GEX,-24685.972,,
2025-03-26 06:54:48,5725.0,5774.75,Call VEX 1,VEX,33002.931,,
2025-03-26 06:54:48,5745.0,5795.0,Put GEX 1,GEX,-37934.653,,
2025-03-26 06:54:48,5750.0,5800.0,Call CEX 5,CEX,355070.27,,
2025-03-26 06:54:48,5750.0,5800.0,Put GEX 3,GEX,-27622.765,,
2025-03-26 06:54:48,5750.0,5800.0,Call VEX 5,VEX,14143.574,,
2025-03-26 06:54:48,5775.0,5825.25,Put DEX 2,DEX,-2.902,,
2025-03-26 06:54:48,5780.0,5830.25,Put CEX 2,CEX,-618546.6,,
2025-03-26 06:54:48,5780.0,5830.25,Put DEX 4,DEX,-2.254,,
2025-03-26 06:54:48,5780.0,5830.25,Put VEX 2,VEX,-22733.853,,
2025-03-26 06:54:48,5790.0,5840.25,Call GEX 5,GEX,28422.726,,
2025-03-26 06:54:48,5795.0,5845.25,Put CEX 3,CEX,-565644.549,,
2025-03-26 06:54:48,5795.0,5845.25,Call GEX 1,GEX,68422.512,,
2025-03-26 06:54:48,5795.0,5845.25,Put VEX 3,VEX,-21262.74,,
2025-03-26 06:54:48,5800.0,5850.5,Put CEX 1,CEX,-1267297.172,,
2025-03-26 06:54:48,5800.0,5850.5,Put DEX 1,DEX,-6.412,,
2025-03-26 06:54:48,5800.0,5850.5,Call GEX 2,GEX,58311.019,,
2025-03-26 06:54:48,5800.0,5850.5,Put VEX 1,VEX,-47784.506,,
2025-03-26 06:54:48,5810.0,5860.5,Call GEX 4,GEX,35384.245,,
2025-03-26 06:54:48,5820.0,5870.5,Put CEX 4,CEX,-516561.353,,
2025-03-26 06:54:48,5820.0,5870.5,Call GEX 3,GEX,35673.723,,
2025-03-26 06:54:48,5820.0,5870.5,Put VEX 4,VEX,-19605.986,,
2025-03-26 06:54:48,5825.0,5875.75,Put DEX 3,DEX,-2.57,,
2025-03-26 06:54:48,5850.0,5900.75,Put CEX 5,CEX,-500267.814,,
2025-03-26 06:54:48,5850.0,5900.75,Put VEX 5,VEX,-19063.398,,
2025-03-26 06:54:48,5870.0,5921.0,Put DEX 5,DEX,-1.482,,
2025-03-26 06:56:02,5700.0,5749.75,Call CEX 2,CEX,545885.732,5931.292254602297,5931.292254602297
2025-03-26 06:56:02,5700.0,5749.75,Call DEX 1,DEX,5.698,5931.292254602297,5931.292254602297
2025-03-26 06:56:02,5700.0,5749.75,Put GEX 4,GEX,-25357.164,5931.292254602297,5931.292254602297
2025-03-26 06:56:02,5700.0,5749.75,Call VEX 2,VEX,21083.54,5931.292254602297,5931.292254602297
2025-03-26 06:56:02,5715.0,5765.0,Call CEX 3,CEX,466790.726,5931.292254602297,5931.292254602297
2025-03-26 06:56:02,5715.0,5765.0,Put GEX 2,GEX,-30318.835,5931.292254602297,5931.292254602297
2025-03-26 06:56:02,5715.0,5765.0,Call VEX 3,VEX,18076.327,5931.292254602297,5931.292254602297
2025-03-26 06:56:02,5720.0,5770.0,Call CEX 4,CEX,395933.662,5931.292254602297,5931.292254602297
2025-03-26 06:56:02,5720.0,5770.0,Call VEX 4,VEX,15351.727,5931.292254602297,5931.292254602297
2025-03-26 06:56:02,5725.0,5775.0,Call CEX 1,CEX,836028.96,5931.292254602297,5931.292254602297
2025-03-26 06:56:02,5725.0,5775.0,Call DEX 2,DEX,5.534,5931.292254602297,5931.292254602297
2025-03-26 06:56:02,5725.0,5775.0,Put GEX 3,GEX,-26955.628,5931.292254602297,5931.292254602297
2025-03-26 06:56:02,5725.0,5775.0,Call VEX 1,VEX,32466.453,5931.292254602297,5931.292254602297
2025-03-26 06:56:02,5730.0,5780.0,Call DEX 5,DEX,1.515,5931.292254602297,5931.292254602297
2025-03-26 06:56:02,5745.0,5795.25,Put GEX 1,GEX,-36083.038,5931.292254602297,5931.292254602297
2025-03-26 06:56:02,5750.0,5800.25,Call CEX 5,CEX,357544.843,5931.292254602297,5931.292254602297
2025-03-26 06:56:02,5750.0,5800.25,Put GEX 5,GEX,-23850.413,5931.292254602297,5931.292254602297
2025-03-26 06:56:02,5750.0,5800.25,Call VEX 5,VEX,14196.906,5931.292254602297,5931.292254602297
2025-03-26 06:56:02,5765.0,5815.25,Call DEX 4,DEX,1.737,5931.292254602297,5931.292254602297
2025-03-26 06:56:02,5775.0,5825.5,Put DEX 2,DEX,-2.812,5931.292254602297,5931.292254602297
2025-03-26 06:56:02,5780.0,5830.5,Put CEX 2,CEX,-605146.765,5931.292254602297,5931.292254602297
2025-03-26 06:56:02,5780.0,5830.5,Put DEX 5,DEX,-2.13,5931.292254602297,5931.292254602297
2025-03-26 06:56:02,5780.0,5830.5,Call GEX 4,GEX,33838.049,5931.292254602297,5931.292254602297
2025-03-26 06:56:02,5780.0,5830.5,Put VEX 2,VEX,-22172.616,5931.292254602297,5931.292254602297
2025-03-26 06:56:02,5795.0,5845.75,Put CEX 4,CEX,-566747.189,5931.292254602297,5931.292254602297
2025-03-26 06:56:02,5795.0,5845.75,Call DEX 3,DEX,1.743,5931.292254602297,5931.292254602297
2025-03-26 06:56:02,5795.0,5845.75,Call GEX 1,GEX,68832.086,5931.292254602297,5931.292254602297
2025-03-26 06:56:02,5795.0,5845.75,Put VEX 4,VEX,-21245.067,5931.292254602297,5931.292254602297
2025-03-26 06:56:02,5800.0,5850.75,Put CEX 1,CEX,-1282471.445,5931.292254602297,5931.292254602297
2025-03-26 06:56:02,5800.0,5850.75,Put DEX 1,DEX,-6.066,5931.292254602297,5931.292254602297
2025-03-26 06:56:02,5800.0,5850.75,Call GEX 2,GEX,55942.845,5931.292254602297,5931.292254602297
2025-03-26 06:56:02,5800.0,5850.75,Put VEX 1,VEX,-48223.818,5931.292254602297,5931.292254602297
2025-03-26 06:56:02,5810.0,5860.75,Call GEX 3,GEX,34305.837,5931.292254602297,5931.292254602297
2025-03-26 06:56:02,5820.0,5870.75,Put CEX 3,CEX,-568219.729,5931.292254602297,5931.292254602297
2025-03-26 06:56:02,5820.0,5870.75,Call GEX 5,GEX,32296.508,5931.292254602297,5931.292254602297
2025-03-26 06:56:02,5820.0,5870.75,Put VEX 3,VEX,-21508.089,5931.292254602297,5931.292254602297
2025-03-26 06:56:02,5825.0,5876.0,Put DEX 3,DEX,-2.382,5931.292254602297,5931.292254602297
2025-03-26 06:56:02,5850.0,5901.0,Put CEX 5,CEX,-496629.938,5931.292254602297,5931.292254602297
2025-03-26 06:56:02,5850.0,5901.0,Put DEX 4,DEX,-2.161,5931.292254602297,5931.292254602297
2025-03-26 06:56:02,5850.0,5901.0,Put VEX 5,VEX,-18873.525,5931.292254602297,5931.292254602297
2025-03-26 06:57:20,5600.0,5649.5,Call DEX 1,DEX,6.495,,
2025-03-26 06:57:20,5650.0,5700.0,Call DEX 4,DEX,3.932,,
2025-03-26 06:57:20,5665.0,5715.0,Call DEX 5,DEX,3.536,,
2025-03-26 06:57:20,5700.0,5750.5,Call CEX 2,CEX,716032.767,,
2025-03-26 06:57:20,5700.0,5750.5,Call DEX 2,DEX,5.165,,
2025-03-26 06:57:20,5700.0,5750.5,Call VEX 2,VEX,27573.453,,
2025-03-26 06:57:20,5705.0,5755.5,Call CEX 5,CEX,348894.12,,
2025-03-26 06:57:20,5705.0,5755.5,Call VEX 5,VEX,13446.191,,
2025-03-26 06:57:20,5715.0,5765.5,Call CEX 3,CEX,494973.649,,
2025-03-26 06:57:20,5715.0,5765.5,Put GEX 2,GEX,-31488.028,,
2025-03-26 06:57:20,5715.0,5765.5,Call VEX 3,VEX,19116.066,,
2025-03-26 06:57:20,5720.0,5770.5,Call CEX 4,CEX,414527.968,,
2025-03-26 06:57:20,5720.0,5770.5,Put GEX 5,GEX,-24640.133,,
2025-03-26 06:57:20,5720.0,5770.5,Call VEX 4,VEX,16031.813,,
2025-03-26 06:57:20,5725.0,5775.75,Call CEX 1,CEX,867355.705,,
2025-03-26 06:57:20,5725.0,5775.75,Call DEX 3,DEX,4.901,,
2025-03-26 06:57:20,5725.0,5775.75,Put GEX 4,GEX,-26910.6,,
2025-03-26 06:57:20,5725.0,5775.75,Call VEX 1,VEX,33604.499,,
2025-03-26 06:57:20,5745.0,5795.75,Put DEX 4,DEX,-1.056,,
2025-03-26 06:57:20,5745.0,5795.75,Put GEX 1,GEX,-39911.804,,
2025-03-26 06:57:20,5750.0,5800.75,Put GEX 3,GEX,-29582.566,,
2025-03-26 06:57:20,5775.0,5826.0,Put DEX 2,DEX,-3.471,,
2025-03-26 06:57:20,5780.0,5831.0,Put CEX 2,CEX,-700540.849,,
2025-03-26 06:57:20,5780.0,5831.0,Put DEX 3,DEX,-2.972,,
2025-03-26 06:57:20,5780.0,5831.0,Put VEX 2,VEX,-25772.836,,
2025-03-26 06:57:20,5790.0,5841.25,Put DEX 5,DEX,-0.782,,
2025-03-26 06:57:20,5790.0,5841.25,Call GEX 5,GEX,26226.967,,
2025-03-26 06:57:20,5795.0,5846.25,Put CEX 3,CEX,-564242.518,,
2025-03-26 06:57:20,5795.0,5846.25,Call GEX 1,GEX,62517.342,,
2025-03-26 06:57:20,5795.0,5846.25,Put VEX 3,VEX,-21120.902,,
2025-03-26 06:57:20,5800.0,5851.25,Put CEX 1,CEX,-1203675.598,,
2025-03-26 06:57:20,5800.0,5851.25,Put DEX 1,DEX,-7.121,,
2025-03-26 06:57:20,5800.0,5851.25,Call GEX 2,GEX,56289.435,,
2025-03-26 06:57:20,5800.0,5851.25,Put VEX 1,VEX,-45173.662,,
2025-03-26 06:57:20,5810.0,5861.5,Call GEX 3,GEX,32315.058,,
2025-03-26 06:57:20,5820.0,5871.5,Put CEX 4,CEX,-475973.104,,
2025-03-26 06:57:20,5820.0,5871.5,Call GEX 4,GEX,32160.658,,
2025-03-26 06:57:20,5820.0,5871.5,Put VEX 4,VEX,-17967.091,,
2025-03-26 06:57:20,5850.0,5901.75,Put CEX 5,CEX,-417418.964,,
2025-03-26 06:57:20,5850.0,5901.75,Put VEX 5,VEX,-15814.671,,
2025-03-26 06:58:38,5700.0,5750.0,Call CEX 2,CEX,557197.773,6013.879229323308,6013.879229323308
2025-03-26 06:58:38,5700.0,5750.0,Put GEX 3,GEX,-34485.809,6013.879229323308,6013.879229323308
2025-03-26 06:58:38,5700.0,5750.0,Call VEX 2,VEX,21390.883,6013.879229323308,6013.879229323308
2025-03-26 06:58:38,5705.0,5755.0,Call CEX 5,CEX,351899.197,6013.879229323308,6013.879229323308
2025-03-26 06:58:38,5705.0,5755.0,Call VEX 5,VEX,13521.021,6013.879229323308,6013.879229323308
2025-03-26 06:58:38,5715.0,5765.25,Call CEX 3,CEX,469598.416,6013.879229323308,6013.879229323308
2025-03-26 06:58:38,5715.0,5765.25,Put GEX 1,GEX,-38554.43,6013.879229323308,6013.879229323308
2025-03-26 06:58:38,5715.0,5765.25,Call VEX 3,VEX,18084.305,6013.879229323308,6013.879229323308
2025-03-26 06:58:38,5720.0,5770.25,Call CEX 4,CEX,399979.597,6013.879229323308,6013.879229323308
2025-03-26 06:58:38,5720.0,5770.25,Put GEX 5,GEX,-29269.016,6013.879229323308,6013.879229323308
2025-03-26 06:58:38,5720.0,5770.25,Call VEX 4,VEX,15427.019,6013.879229323308,6013.879229323308
2025-03-26 06:58:38,5725.0,5775.25,Call CEX 1,CEX,830974.693,6013.879229323308,6013.879229323308
2025-03-26 06:58:38,5725.0,5775.25,Call DEX 1,DEX,5.129,6013.879229323308,6013.879229323308
2025-03-26 06:58:38,5725.0,5775.25,Put GEX 4,GEX,-33609.748,6013.879229323308,6013.879229323308
2025-03-26 06:58:38,5725.0,5775.25,Call VEX 1,VEX,32113.188,6013.879229323308,6013.879229323308
2025-03-26 06:58:38,5730.0,5780.25,Call DEX 3,DEX,1.282,6013.879229323308,6013.879229323308
2025-03-26 06:58:38,5740.0,5790.5,Call DEX 5,DEX,0.735,6013.879229323308,6013.879229323308
2025-03-26 06:58:38,5745.0,5795.5,Put GEX 2,GEX,-36808.178,6013.879229323308,6013.879229323308
2025-03-26 06:58:38,5765.0,5815.5,Call DEX 4,DEX,0.763,6013.879229323308,6013.879229323308
2025-03-26 06:58:38,5765.0,5815.5,Call GEX 4,GEX,30465.868,6013.879229323308,6013.879229323308
2025-03-26 06:58:38,5775.0,5825.75,Put DEX 2,DEX,-3.708,6013.879229323308,6013.879229323308
2025-03-26 06:58:38,5780.0,5830.75,Put CEX 2,CEX,-724257.772,6013.879229323308,6013.879229323308
2025-03-26 06:58:38,5780.0,5830.75,Put DEX 3,DEX,-3.223,6013.879229323308,6013.879229323308
2025-03-26 06:58:38,5780.0,5830.75,Call GEX 3,GEX,34284.601,6013.879229323308,6013.879229323308
2025-03-26 06:58:38,5780.0,5830.75,Put VEX 2,VEX,-26668.09,6013.879229323308,6013.879229323308
2025-03-26 06:58:38,5795.0,5845.75,Put CEX 3,CEX,-555249.794,6013.879229323308,6013.879229323308
2025-03-26 06:58:38,5795.0,5845.75,Call DEX 2,DEX,1.288,6013.879229323308,6013.879229323308
2025-03-26 06:58:38,5795.0,5845.75,Call GEX 1,GEX,57331.373,6013.879229323308,6013.879229323308
2025-03-26 06:58:38,5795.0,5845.75,Put VEX 3,VEX,-20740.117,6013.879229323308,6013.879229323308
2025-03-26 06:58:38,5800.0,5851.0,Put CEX 1,CEX,-1231923.395,6013.879229323308,6013.879229323308
2025-03-26 06:58:38,5800.0,5851.0,Put DEX 1,DEX,-6.492,6013.879229323308,6013.879229323308
2025-03-26 06:58:38,5800.0,5851.0,Call GEX 2,GEX,43504.208,6013.879229323308,6013.879229323308
2025-03-26 06:58:38,5800.0,5851.0,Put VEX 1,VEX,-46122.05,6013.879229323308,6013.879229323308
2025-03-26 06:58:38,5810.0,5861.0,Call GEX 5,GEX,27521.303,6013.879229323308,6013.879229323308
2025-03-26 06:58:38,5820.0,5871.0,Put CEX 4,CEX,-502547.665,6013.879229323308,6013.879229323308
2025-03-26 06:58:38,5820.0,5871.0,Put VEX 4,VEX,-18914.243,6013.879229323308,6013.879229323308
2025-03-26 06:58:38,5825.0,5876.0,Put DEX 4,DEX,-2.362,6013.879229323308,6013.879229323308
2025-03-26 06:58:38,5850.0,5901.25,Put CEX 5,CEX,-500114.773,6013.879229323308,6013.879229323308
2025-03-26 06:58:38,5850.0,5901.25,Put DEX 5,DEX,-2.099,6013.879229323308,6013.879229323308
2025-03-26 06:58:38,5850.0,5901.25,Put VEX 5,VEX,-18887.576,6013.879229323308,6013.879229323308
2025-03-26 06:59:52,5600.0,5649.0,Call DEX 1,DEX,6.168,5695.34343920278,5695.34343920278
2025-03-26 06:59:52,5650.0,5699.5,Call CEX 5,CEX,397315.821,5695.34343920278,5695.34343920278
2025-03-26 06:59:52,5650.0,5699.5,Call DEX 4,DEX,3.626,5695.34343920278,5695.34343920278
2025-03-26 06:59:52,5650.0,5699.5,Call VEX 5,VEX,15134.147,5695.34343920278,5695.34343920278
2025-03-26 06:59:52,5665.0,5714.5,Call DEX 5,DEX,3.243,5695.34343920278,5695.34343920278
2025-03-26 06:59:52,5700.0,5749.75,Call CEX 2,CEX,799029.392,5695.34343920278,5695.34343920278
2025-03-26 06:59:52,5700.0,5749.75,Call DEX 2,DEX,4.432,5695.34343920278,5695.34343920278
2025-03-26 06:59:52,5700.0,5749.75,Call VEX 2,VEX,30583.392,5695.34343920278,5695.34343920278
2025-03-26 06:59:52,5715.0,5765.0,Call CEX 3,CEX,521626.583,5695.34343920278,5695.34343920278
2025-03-26 06:59:52,5715.0,5765.0,Put GEX 3,GEX,-38342.635,5695.34343920278,5695.34343920278
2025-03-26 06:59:52,5715.0,5765.0,Call VEX 3,VEX,20039.28,5695.34343920278,5695.34343920278
2025-03-26 06:59:52,5720.0,5770.0,Call CEX 4,CEX,425130.333,5695.34343920278,5695.34343920278
2025-03-26 06:59:52,5720.0,5770.0,Put GEX 5,GEX,-30299.36,5695.34343920278,5695.34343920278
2025-03-26 06:59:52,5720.0,5770.0,Call VEX 4,VEX,16363.152,5695.34343920278,5695.34343920278
2025-03-26 06:59:52,5725.0,5775.0,Call CEX 1,CEX,847391.739,5695.34343920278,5695.34343920278
2025-03-26 06:59:52,5725.0,5775.0,Call DEX 3,DEX,3.712,5695.34343920278,5695.34343920278
2025-03-26 06:59:52,5725.0,5775.0,Put GEX 4,GEX,-35933.768,5695.34343920278,5695.34343920278
2025-03-26 06:59:52,5725.0,5775.0,Call VEX 1,VEX,32697.14,5695.34343920278,5695.34343920278
2025-03-26 06:59:52,5745.0,5795.25,Put DEX 4,DEX,-1.701,5695.34343920278,5695.34343920278
2025-03-26 06:59:52,5745.0,5795.25,Put GEX 1,GEX,-48956.112,5695.34343920278,5695.34343920278
2025-03-26 06:59:52,5750.0,5800.25,Put DEX 5,DEX,-0.813,5695.34343920278,5695.34343920278
2025-03-26 06:59:52,5750.0,5800.25,Put GEX 2,GEX,-40804.777,5695.34343920278,5695.34343920278
2025-03-26 06:59:52,5770.0,5820.5,Put CEX 5,CEX,-445393.886,5695.34343920278,5695.34343920278
2025-03-26 06:59:52,5770.0,5820.5,Put DEX 3,DEX,-2.072,5695.34343920278,5695.34343920278
2025-03-26 06:59:52,5775.0,5825.5,Put CEX 3,CEX,-567925.001,5695.34343920278,5695.34343920278
2025-03-26 06:59:52,5775.0,5825.5,Put DEX 1,DEX,-5.133,5695.34343920278,5695.34343920278
2025-03-26 06:59:52,5775.0,5825.5,Put VEX 3,VEX,-20811.569,5695.34343920278,5695.34343920278
2025-03-26 06:59:52,5780.0,5830.5,Put CEX 2,CEX,-828174.367,5695.34343920278,5695.34343920278
2025-03-26 06:59:52,5780.0,5830.5,Put DEX 2,DEX,-5.115,5695.34343920278,5695.34343920278
2025-03-26 06:59:52,5780.0,5830.5,Put VEX 2,VEX,-30569.583,5695.34343920278,5695.34343920278
2025-03-26 06:59:52,5790.0,5840.75,Call GEX 3,GEX,32766.462,5695.34343920278,5695.34343920278
2025-03-26 06:59:52,5795.0,5845.75,Put CEX 4,CEX,-527440.098,5695.34343920278,5695.34343920278
2025-03-26 06:59:52,5795.0,5845.75,Call GEX 2,GEX,52527.607,5695.34343920278,5695.34343920278
2025-03-26 06:59:52,5795.0,5845.75,Put VEX 4,VEX,-19669.946,5695.34343920278,5695.34343920278
2025-03-26 06:59:52,5800.0,5850.75,Put CEX 1,CEX,-829731.869,5695.34343920278,5695.34343920278
2025-03-26 06:59:52,5800.0,5850.75,Call GEX 1,GEX,73092.581,5695.34343920278,5695.34343920278
2025-03-26 06:59:52,5800.0,5850.75,Put VEX 1,VEX,-30999.843,5695.34343920278,5695.34343920278
2025-03-26 06:59:52,5810.0,5860.75,Call GEX 4,GEX,27265.585,5695.34343920278,5695.34343920278
2025-03-26 06:59:52,5820.0,5871.0,Call GEX 5,GEX,26685.739,5695.34343920278,5695.34343920278
2025-03-26 06:59:52,5820.0,5871.0,Put VEX 5,VEX,-16608.138,5695.34343920278,5695.34343920278
2025-03-26 07:01:07,5640.0,5689.5,Call DEX 5,DEX,2.906,5628.236324326335,5628.236324326335
2025-03-26 07:01:07,5650.0,5699.5,Call DEX 3,DEX,3.996,5628.236324326335,5628.236324326335
2025-03-26 07:01:07,5665.0,5714.75,Call DEX 4,DEX,3.606,5628.236324326335,5628.236324326335
2025-03-26 07:01:07,5700.0,5750.0,Call CEX 2,CEX,748528.133,5628.236324326335,5628.236324326335
2025-03-26 07:01:07,5700.0,5750.0,Call DEX 1,DEX,5.049,5628.236324326335,5628.236324326335
2025-03-26 07:01:07,5700.0,5750.0,Call VEX 2,VEX,28567.818,5628.236324326335,5628.236324326335
2025-03-26 07:01:07,5705.0,5755.0,Call CEX 5,CEX,375899.931,5628.236324326335,5628.236324326335
2025-03-26 07:01:07,5705.0,5755.0,Call VEX 5,VEX,14358.961,5628.236324326335,5628.236324326335
2025-03-26 07:01:07,5715.0,5765.25,Call CEX 3,CEX,520070.133,5628.236324326335,5628.236324326335
2025-03-26 07:01:07,5715.0,5765.25,Put GEX 2,GEX,-35441.901,5628.236324326335,5628.236324326335
2025-03-26 07:01:07,5715.0,5765.25,Call VEX 3,VEX,19912.591,5628.236324326335,5628.236324326335
2025-03-26 07:01:07,5720.0,5770.25,Call CEX 4,CEX,428261.683,5628.236324326335,5628.236324326335
2025-03-26 07:01:07,5720.0,5770.25,Put GEX 5,GEX,-27504.379,5628.236324326335,5628.236324326335
2025-03-26 07:01:07,5720.0,5770.25,Call VEX 4,VEX,16423.679,5628.236324326335,5628.236324326335
2025-03-26 07:01:07,5725.0,5775.25,Call CEX 1,CEX,879323.276,5628.236324326335,5628.236324326335
2025-03-26 07:01:07,5725.0,5775.25,Call DEX 2,DEX,4.485,5628.236324326335,5628.236324326335
2025-03-26 07:01:07,5725.0,5775.25,Put GEX 3,GEX,-29760.826,5628.236324326335,5628.236324326335
2025-03-26 07:01:07,5725.0,5775.25,Call VEX 1,VEX,33790.977,5628.236324326335,5628.236324326335
2025-03-26 07:01:07,5745.0,5795.5,Put GEX 1,GEX,-40504.451,5628.236324326335,5628.236324326335
2025-03-26 07:01:07,5750.0,5800.5,Put GEX 4,GEX,-27866.862,5628.236324326335,5628.236324326335
2025-03-26 07:01:07,5775.0,5825.75,Put CEX 5,CEX,-460389.866,5628.236324326335,5628.236324326335
2025-03-26 07:01:07,5775.0,5825.75,Put DEX 2,DEX,-4.012,5628.236324326335,5628.236324326335
2025-03-26 07:01:07,5780.0,5830.75,Put CEX 2,CEX,-766760.35,5628.236324326335,5628.236324326335
2025-03-26 07:01:07,5780.0,5830.75,Put DEX 3,DEX,-3.602,5628.236324326335,5628.236324326335
2025-03-26 07:01:07,5780.0,5830.75,Call GEX 5,GEX,24754.915,5628.236324326335,5628.236324326335
2025-03-26 07:01:07,5780.0,5830.75,Put VEX 2,VEX,-28113.523,5628.236324326335,5628.236324326335
2025-03-26 07:01:07,5795.0,5845.75,Put CEX 3,CEX,-557349.315,5628.236324326335,5628.236324326335
2025-03-26 07:01:07,5795.0,5845.75,Call GEX 1,GEX,55653.332,5628.236324326335,5628.236324326335
2025-03-26 07:01:07,5795.0,5845.75,Put VEX 3,VEX,-20706.902,5628.236324326335,5628.236324326335
2025-03-26 07:01:07,5800.0,5851.0,Put CEX 1,CEX,-1208970.863,5628.236324326335,5628.236324326335
2025-03-26 07:01:07,5800.0,5851.0,Put DEX 1,DEX,-7.229,5628.236324326335,5628.236324326335
2025-03-26 07:01:07,5800.0,5851.0,Call GEX 2,GEX,45701.493,5628.236324326335,5628.236324326335
2025-03-26 07:01:07,5800.0,5851.0,Put VEX 1,VEX,-45013.882,5628.236324326335,5628.236324326335
2025-03-26 07:01:07,5810.0,5861.0,Call GEX 3,GEX,27706.083,5628.236324326335,5628.236324326335
2025-03-26 07:01:07,5820.0,5871.0,Put CEX 4,CEX,-492828.174,5628.236324326335,5628.236324326335
2025-03-26 07:01:07,5820.0,5871.0,Call GEX 4,GEX,26546.651,5628.236324326335,5628.236324326335
2025-03-26 07:01:07,5820.0,5871.0,Put VEX 4,VEX,-18442.175,5628.236324326335,5628.236324326335
2025-03-26 07:01:07,5825.0,5876.0,Put DEX 4,DEX,-2.586,5628.236324326335,5628.236324326335
2025-03-26 07:01:07,5850.0,5901.25,Put DEX 5,DEX,-2.276,5628.236324326335,5628.236324326335
2025-03-26 07:01:07,5850.0,5901.25,Put VEX 5,VEX,-16894.418,5628.236324326335,5628.236324326335
2025-03-26 07:02:20,5600.0,5649.5,Call DEX 1,DEX,6.396,,
2025-03-26 07:02:20,5650.0,5699.75,Call DEX 4,DEX,3.874,,
2025-03-26 07:02:20,5665.0,5715.0,Call DEX 5,DEX,3.449,,
2025-03-26 07:02:20,5700.0,5750.25,Call CEX 2,CEX,773638.483,,
2025-03-26 07:02:20,5700.0,5750.25,Call DEX 2,DEX,4.875,,
2025-03-26 07:02:20,5700.0,5750.25,Call VEX 2,VEX,29442.373,,
2025-03-26 07:02:20,5705.0,5755.25,Call CEX 5,CEX,374122.136,,
2025-03-26 07:02:20,5705.0,5755.25,Call VEX 5,VEX,14250.498,,
2025-03-26 07:02:20,5715.0,5765.5,Call CEX 3,CEX,519821.515,,
2025-03-26 07:02:20,5715.0,5765.5,Put GEX 2,GEX,-35063.128,,
2025-03-26 07:02:20,5715.0,5765.5,Call VEX 3,VEX,19846.76,,
2025-03-26 07:02:20,5720.0,5770.5,Call CEX 4,CEX,428680.448,,
2025-03-26 07:02:20,5720.0,5770.5,Put GEX 5,GEX,-27335.771,,
2025-03-26 07:02:20,5720.0,5770.5,Call VEX 4,VEX,16393.353,,
2025-03-26 07:02:20,5725.0,5775.5,Call CEX 1,CEX,878877.975,,
2025-03-26 07:02:20,5725.0,5775.5,Call DEX 3,DEX,4.352,,
2025-03-26 07:02:20,5725.0,5775.5,Put GEX 4,GEX,-30166.382,,
2025-03-26 07:02:20,5725.0,5775.5,Call VEX 1,VEX,33679.036,,
2025-03-26 07:02:20,5745.0,5795.75,Put DEX 4,DEX,-1.393,,
2025-03-26 07:02:20,5745.0,5795.75,Put GEX 1,GEX,-42658.863,,
2025-03-26 07:02:20,5750.0,5800.75,Put GEX 3,GEX,-31524.876,,
2025-03-26 07:02:20,5770.0,5821.0,Put DEX 5,DEX,-1.256,,
2025-03-26 07:02:20,5775.0,5826.0,Put CEX 4,CEX,-480266.089,,
2025-03-26 07:02:20,5775.0,5826.0,Put DEX 2,DEX,-4.169,,
2025-03-26 07:02:20,5775.0,5826.0,Put VEX 5,VEX,-17385.547,,
2025-03-26 07:02:20,5780.0,5831.0,Put CEX 2,CEX,-787633.027,,
2025-03-26 07:02:20,5780.0,5831.0,Put DEX 3,DEX,-3.823,,
2025-03-26 07:02:20,5780.0,5831.0,Put VEX 2,VEX,-28806.224,,
2025-03-26 07:02:20,5790.0,5841.0,Call GEX 5,GEX,24061.251,,
2025-03-26 07:02:20,5795.0,5846.25,Put CEX 3,CEX,-556688.565,,
2025-03-26 07:02:20,5795.0,5846.25,Call GEX 2,GEX,55898.321,,
2025-03-26 07:02:20,5795.0,5846.25,Put VEX 3,VEX,-20626.297,,
2025-03-26 07:02:20,5800.0,5851.25,Put CEX 1,CEX,-1057427.263,,
2025-03-26 07:02:20,5800.0,5851.25,Put DEX 1,DEX,-7.934,,
2025-03-26 07:02:20,5800.0,5851.25,Call GEX 1,GEX,60028.087,,
2025-03-26 07:02:20,5800.0,5851.25,Put VEX 1,VEX,-39263.611,,
2025-03-26 07:02:20,5810.0,5861.25,Call GEX 4,GEX,29326.14,,
2025-03-26 07:02:20,5820.0,5871.25,Put CEX 5,CEX,-469835.682,,
2025-03-26 07:02:20,5820.0,5871.25,Call GEX 3,GEX,29698.615,,
2025-03-26 07:02:20,5820.0,5871.25,Put VEX 4,VEX,-17532.842,,
2025-03-26 07:03:35,5600.0,5648.5,Call DEX 1,DEX,6.079,5672.546925833707,5672.546925833707
2025-03-26 07:03:35,5650.0,5698.75,Call CEX 5,CEX,382725.857,5672.546925833707,5672.546925833707
2025-03-26 07:03:35,5650.0,5698.75,Call DEX 4,DEX,3.626,5672.546925833707,5672.546925833707
2025-03-26 07:03:35,5650.0,5698.75,Call VEX 5,VEX,14459.017,5672.546925833707,5672.546925833707
2025-03-26 07:03:35,5665.0,5714.0,Call DEX 5,DEX,3.241,5672.546925833707,5672.546925833707
2025-03-26 07:03:35,5700.0,5749.25,Call CEX 2,CEX,775254.782,5672.546925833707,5672.546925833707
2025-03-26 07:03:35,5700.0,5749.25,Call DEX 2,DEX,4.551,5672.546925833707,5672.546925833707
2025-03-26 07:03:35,5700.0,5749.25,Call VEX 2,VEX,29418.77,5672.546925833707,5672.546925833707
2025-03-26 07:03:35,5715.0,5764.5,Call CEX 3,CEX,511912.025,5672.546925833707,5672.546925833707
2025-03-26 07:03:35,5715.0,5764.5,Put GEX 3,GEX,-34641.547,5672.546925833707,5672.546925833707
2025-03-26 07:03:35,5715.0,5764.5,Call VEX 3,VEX,19488.806,5672.546925833707,5672.546925833707
2025-03-26 07:03:35,5720.0,5769.5,Call CEX 4,CEX,422765.457,5672.546925833707,5672.546925833707
2025-03-26 07:03:35,5720.0,5769.5,Call VEX 4,VEX,16121.159,5672.546925833707,5672.546925833707
2025-03-26 07:03:35,5725.0,5774.5,Call CEX 1,CEX,857763.506,5672.546925833707,5672.546925833707
2025-03-26 07:03:35,5725.0,5774.5,Call DEX 3,DEX,4.085,5672.546925833707,5672.546925833707
2025-03-26 07:03:35,5725.0,5774.5,Put GEX 5,GEX,-32525.809,5672.546925833707,5672.546925833707
2025-03-26 07:03:35,5725.0,5774.5,Call VEX 1,VEX,32777.455,5672.546925833707,5672.546925833707
2025-03-26 07:03:35,5745.0,5794.75,Put DEX 4,DEX,-1.348,5672.546925833707,5672.546925833707
2025-03-26 07:03:35,5745.0,5794.75,Put GEX 1,GEX,-47638.359,5672.546925833707,5672.546925833707
2025-03-26 07:03:35,5750.0,5799.75,Put DEX 5,DEX,-0.327,5672.546925833707,5672.546925833707
2025-03-26 07:03:35,5750.0,5799.75,Put GEX 2,GEX,-41322.136,5672.546925833707,5672.546925833707
2025-03-26 07:03:35,5770.0,5820.0,Put DEX 3,DEX,-1.448,5672.546925833707,5672.546925833707
2025-03-26 07:03:35,5775.0,5825.0,Put CEX 4,CEX,-526887.665,5672.546925833707,5672.546925833707
2025-03-26 07:03:35,5775.0,5825.0,Put DEX 1,DEX,-4.641,5672.546925833707,5672.546925833707
2025-03-26 07:03:35,5775.0,5825.0,Put GEX 4,GEX,-34403.749,5672.546925833707,5672.546925833707
2025-03-26 07:03:35,5775.0,5825.0,Put VEX 4,VEX,-19034.193,5672.546925833707,5672.546925833707
2025-03-26 07:03:35,5780.0,5830.0,Put CEX 2,CEX,-802640.79,5672.546925833707,5672.546925833707
2025-03-26 07:03:35,5780.0,5830.0,Put DEX 2,DEX,-4.603,5672.546925833707,5672.546925833707
2025-03-26 07:03:35,5780.0,5830.0,Put VEX 2,VEX,-29284.61,5672.546925833707,5672.546925833707
2025-03-26 07:03:35,5790.0,5840.0,Call GEX 3,GEX,35822.334,5672.546925833707,5672.546925833707
2025-03-26 07:03:35,5795.0,5845.0,Put CEX 3,CEX,-546331.098,5672.546925833707,5672.546925833707
2025-03-26 07:03:35,5795.0,5845.0,Call GEX 2,GEX,58466.712,5672.546925833707,5672.546925833707
2025-03-26 07:03:35,5795.0,5845.0,Put VEX 3,VEX,-20187.599,5672.546925833707,5672.546925833707
2025-03-26 07:03:35,5800.0,5850.25,Put CEX 1,CEX,-881709.242,5672.546925833707,5672.546925833707
2025-03-26 07:03:35,5800.0,5850.25,Call GEX 1,GEX,82664.608,5672.546925833707,5672.546925833707
2025-03-26 07:03:35,5800.0,5850.25,Put VEX 1,VEX,-32648.877,5672.546925833707,5672.546925833707
2025-03-26 07:03:35,5810.0,5860.25,Call GEX 4,GEX,31135.001,5672.546925833707,5672.546925833707
2025-03-26 07:03:35,5820.0,5870.25,Put CEX 5,CEX,-495813.737,5672.546925833707,5672.546925833707
2025-03-26 07:03:35,5820.0,5870.25,Call GEX 5,GEX,31097.893,5672.546925833707,5672.546925833707
2025-03-26 07:03:35,5820.0,5870.25,Put VEX 5,VEX,-18449.856,5672.546925833707,5672.546925833707
