timestamp,strikePrice,Theo ES,Rank,Greek,Value,cum_gam,cum_vec
2026-08-31 07:46:03,7000.0,7010.0,Put DEX 3,DEX,-61.536,7252.834557163283,9243.561556316234
2026-08-31 07:46:03,7000.0,7010.0,Put GEX 1,GEX,-704489.986,7252.834557163283,9243.561556316234
2026-08-31 07:46:03,7000.0,7010.0,Call VEX 1,VEX,5548561.299,7252.834557163283,9243.561556316234
2026-08-31 07:46:03,7300.0,7310.5,Call DEX 1,DEX,296.072,7252.834557163283,9243.561556316234
2026-08-31 07:46:03,7400.0,7410.75,Call CEX 4,CEX,1597111.846,7252.834557163283,9243.561556316234
2026-08-31 07:46:03,7400.0,7410.75,Call DEX 2,DEX,290.426,7252.834557163283,9243.561556316234
2026-08-31 07:46:03,7400.0,7410.75,Call VEX 3,VEX,2125574.853,7252.834557163283,9243.561556316234
2026-08-31 07:46:03,7450.0,7460.75,Call DEX 3,DEX,263.298,7252.834557163283,9243.561556316234
2026-08-31 07:46:03,7450.0,7460.75,Call VEX 5,VEX,1907345.423,7252.834557163283,9243.561556316234
2026-08-31 07:46:03,7500.0,7510.75,Call CEX 3,CEX,1622423.517,7252.834557163283,9243.561556316234
2026-08-31 07:46:03,7500.0,7510.75,Call DEX 4,DEX,260.002,7252.834557163283,9243.561556316234
2026-08-31 07:46:03,7500.0,7510.75,Put GEX 2,GEX,-453635.133,7252.834557163283,9243.561556316234
2026-08-31 07:46:03,7500.0,7510.75,Call VEX 2,VEX,3154494.293,7252.834557163283,9243.561556316234
2026-08-31 07:46:03,7550.0,7560.75,Put GEX 4,GEX,-275415.236,7252.834557163283,9243.561556316234
2026-08-31 07:46:03,7600.0,7611.0,Call CEX 2,CEX,2942878.571,7252.834557163283,9243.561556316234
2026-08-31 07:46:03,7600.0,7611.0,Call DEX 5,DEX,242.351,7252.834557163283,9243.561556316234
2026-08-31 07:46:03,7600.0,7611.0,Call VEX 4,VEX,1911881.811,7252.834557163283,9243.561556316234
2026-08-31 07:46:03,7625.0,7636.0,Call CEX 5,CEX,1526901.141,7252.834557163283,9243.561556316234
2026-08-31 07:46:03,7650.0,7661.0,Call CEX 1,CEX,3013526.251,7252.834557163283,9243.561556316234
2026-08-31 07:46:03,7650.0,7661.0,Put GEX 3,GEX,-283752.44,7252.834557163283,9243.561556316234
2026-08-31 07:46:03,7675.0,7686.0,Put GEX 5,GEX,-231831.485,7252.834557163283,9243.561556316234
2026-08-31 07:46:03,7695.0,7706.0,Put CEX 5,CEX,-849915.343,7252.834557163283,9243.561556316234
2026-08-31 07:46:03,7700.0,7711.0,Put CEX 1,CEX,-5723224.985,7252.834557163283,9243.561556316234
2026-08-31 07:46:03,7700.0,7711.0,Put DEX 2,DEX,-107.614,7252.834557163283,9243.561556316234
2026-08-31 07:46:03,7710.0,7721.0,Put DEX 4,DEX,-29.435,7252.834557163283,9243.561556316234
2026-08-31 07:46:03,7750.0,7761.25,Put CEX 3,CEX,-1472593.266,7252.834557163283,9243.561556316234
2026-08-31 07:46:03,7750.0,7761.25,Call GEX 3,GEX,352514.361,7252.834557163283,9243.561556316234
2026-08-31 07:46:03,7750.0,7761.25,Put VEX 4,VEX,-737794.653,7252.834557163283,9243.561556316234
2026-08-31 07:46:03,7775.0,7786.25,Put DEX 5,DEX,-28.71,7252.834557163283,9243.561556316234
2026-08-31 07:46:03,7800.0,7811.25,Put CEX 4,CEX,-1168017.796,7252.834557163283,9243.561556316234
2026-08-31 07:46:03,7800.0,7811.25,Call GEX 1,GEX,619838.172,7252.834557163283,9243.561556316234
2026-08-31 07:46:03,7800.0,7811.25,Put VEX 2,VEX,-1395645.585,7252.834557163283,9243.561556316234
2026-08-31 07:46:03,7850.0,7861.25,Call GEX 4,GEX,342458.293,7252.834557163283,9243.561556316234
2026-08-31 07:46:03,7900.0,7911.25,Call GEX 2,GEX,502065.719,7252.834557163283,9243.561556316234
2026-08-31 07:46:03,7900.0,7911.25,Put VEX 3,VEX,-1068768.279,7252.834557163283,9243.561556316234
2026-08-31 07:46:03,7950.0,7961.5,Call GEX 5,GEX,187311.929,7252.834557163283,9243.561556316234
2026-08-31 07:46:03,8000.0,8011.5,Put CEX 2,CEX,-3424159.438,7252.834557163283,9243.561556316234
2026-08-31 07:46:03,8000.0,8011.5,Put DEX 1,DEX,-2343.383,7252.834557163283,9243.561556316234
2026-08-31 07:46:03,8000.0,8011.5,Put VEX 1,VEX,-10821156.2,7252.834557163283,9243.561556316234
2026-08-31 07:46:03,8200.0,8211.75,Put VEX 5,VEX,-587225.129,7252.834557163283,9243.561556316234
2026-08-31 07:46:49,7000.0,7009.25,Call CEX 5,CEX,1360638.265,7279.476449424357,9243.267950106156
2026-08-31 07:46:49,7000.0,7009.25,Put DEX 3,DEX,-61.211,7279.476449424357,9243.267950106156
2026-08-31 07:46:49,7000.0,7009.25,Put GEX 1,GEX,-705381.634,7279.476449424357,9243.267950106156
2026-08-31 07:46:49,7000.0,7009.25,Call VEX 1,VEX,5543308.472,7279.476449424357,9243.267950106156
2026-08-31 07:46:49,7300.0,7309.75,Call DEX 1,DEX,298.52,7279.476449424357,9243.267950106156
2026-08-31 07:46:49,7400.0,7409.75,Call DEX 2,DEX,292.988,7279.476449424357,9243.267950106156
2026-08-31 07:46:49,7400.0,7409.75,Put GEX 5,GEX,-234243.329,7279.476449424357,9243.267950106156
2026-08-31 07:46:49,7400.0,7409.75,Call VEX 3,VEX,2091496.381,7279.476449424357,9243.267950106156
2026-08-31 07:46:49,7450.0,7459.75,Call DEX 3,DEX,265.164,7279.476449424357,9243.267950106156
2026-08-31 07:46:49,7450.0,7459.75,Call VEX 5,VEX,1896620.25,7279.476449424357,9243.267950106156
2026-08-31 07:46:49,7500.0,7510.0,Call CEX 3,CEX,1503910.873,7279.476449424357,9243.267950106156
2026-08-31 07:46:49,7500.0,7510.0,Call DEX 4,DEX,260.278,7279.476449424357,9243.267950106156
2026-08-31 07:46:49,7500.0,7510.0,Put GEX 2,GEX,-455645.707,7279.476449424357,9243.267950106156
2026-08-31 07:46:49,7500.0,7510.0,Call VEX 2,VEX,3148443.717,7279.476449424357,9243.267950106156
2026-08-31 07:46:49,7550.0,7560.0,Put GEX 3,GEX,-276924.073,7279.476449424357,9243.267950106156
2026-08-31 07:46:49,7600.0,7610.0,Call CEX 2,CEX,2733001.285,7279.476449424357,9243.267950106156
2026-08-31 07:46:49,7600.0,7610.0,Call DEX 5,DEX,243.964,7279.476449424357,9243.267950106156
2026-08-31 07:46:49,7600.0,7610.0,Call VEX 4,VEX,1905908.88,7279.476449424357,9243.267950106156
2026-08-31 07:46:49,7625.0,7635.0,Call CEX 4,CEX,1495262.182,7279.476449424357,9243.267950106156
2026-08-31 07:46:49,7650.0,7660.0,Call CEX 1,CEX,3044363.957,7279.476449424357,9243.267950106156
2026-08-31 07:46:49,7650.0,7660.0,Put GEX 4,GEX,-270006.547,7279.476449424357,9243.267950106156
2026-08-31 07:46:49,7700.0,7710.25,Put CEX 1,CEX,-5841239.621,7279.476449424357,9243.267950106156
2026-08-31 07:46:49,7700.0,7710.25,Put DEX 2,DEX,-104.976,7279.476449424357,9243.267950106156
2026-08-31 07:46:49,7725.0,7735.25,Put CEX 5,CEX,-1025943.263,7279.476449424357,9243.267950106156
2026-08-31 07:46:49,7750.0,7760.25,Put CEX 3,CEX,-1606390.377,7279.476449424357,9243.267950106156
2026-08-31 07:46:49,7750.0,7760.25,Put DEX 4,DEX,-39.116,7279.476449424357,9243.267950106156
2026-08-31 07:46:49,7750.0,7760.25,Call GEX 3,GEX,351681.343,7279.476449424357,9243.267950106156
2026-08-31 07:46:49,7750.0,7760.25,Put VEX 4,VEX,-742875.664,7279.476449424357,9243.267950106156
2026-08-31 07:46:49,7775.0,7785.25,Put DEX 5,DEX,-38.479,7279.476449424357,9243.267950106156
2026-08-31 07:46:49,7800.0,7810.25,Put CEX 4,CEX,-1181187.712,7279.476449424357,9243.267950106156
2026-08-31 07:46:49,7800.0,7810.25,Call GEX 1,GEX,623306.755,7279.476449424357,9243.267950106156
2026-08-31 07:46:49,7800.0,7810.25,Put VEX 2,VEX,-1396365.399,7279.476449424357,9243.267950106156
2026-08-31 07:46:49,7850.0,7860.5,Call GEX 4,GEX,342768.216,7279.476449424357,9243.267950106156
2026-08-31 07:46:49,7900.0,7910.5,Call GEX 2,GEX,502764.036,7279.476449424357,9243.267950106156
2026-08-31 07:46:49,7900.0,7910.5,Put VEX 3,VEX,-1068783.856,7279.476449424357,9243.267950106156
2026-08-31 07:46:49,7950.0,7960.5,Call GEX 5,GEX,187230.099,7279.476449424357,9243.267950106156
2026-08-31 07:46:49,8000.0,8010.5,Put CEX 2,CEX,-3436042.413,7279.476449424357,9243.267950106156
2026-08-31 07:46:49,8000.0,8010.5,Put DEX 1,DEX,-2331.483,7279.476449424357,9243.267950106156
2026-08-31 07:46:49,8000.0,8010.5,Put VEX 1,VEX,-10845767.835,7279.476449424357,9243.267950106156
2026-08-31 07:46:49,8200.0,8210.75,Put VEX 5,VEX,-588491.121,7279.476449424357,9243.267950106156
2026-08-31 07:47:37,7000.0,7009.75,Call CEX 5,CEX,1347200.92,7302.239255752825,9243.299301387848
2026-08-31 07:47:37,7000.0,7009.75,Put DEX 3,DEX,-65.76,7302.239255752825,9243.299301387848
2026-08-31 07:47:37,7000.0,7009.75,Put GEX 1,GEX,-705428.971,7302.239255752825,9243.299301387848
2026-08-31 07:47:37,7000.0,7009.75,Call VEX 1,VEX,5540803.97,7302.239255752825,9243.299301387848
2026-08-31 07:47:37,7300.0,7310.25,Call DEX 1,DEX,292.377,7302.239255752825,9243.299301387848
2026-08-31 07:47:37,7400.0,7410.25,Call DEX 3,DEX,250.757,7302.239255752825,9243.299301387848
2026-08-31 07:47:37,7400.0,7410.25,Put GEX 5,GEX,-231817.813,7302.239255752825,9243.299301387848
2026-08-31 07:47:37,7400.0,7410.25,Call VEX 3,VEX,2089207.864,7302.239255752825,9243.299301387848
2026-08-31 07:47:37,7450.0,7460.25,Call DEX 2,DEX,251.335,7302.239255752825,9243.299301387848
2026-08-31 07:47:37,7450.0,7460.25,Call VEX 4,VEX,1896664.5,7302.239255752825,9243.299301387848
2026-08-31 07:47:37,7500.0,7510.5,Call CEX 4,CEX,1389772.585,7302.239255752825,9243.299301387848
2026-08-31 07:47:37,7500.0,7510.5,Call DEX 4,DEX,247.891,7302.239255752825,9243.299301387848
2026-08-31 07:47:37,7500.0,7510.5,Put GEX 2,GEX,-459542.387,7302.239255752825,9243.299301387848
2026-08-31 07:47:37,7500.0,7510.5,Call VEX 2,VEX,3144842.909,7302.239255752825,9243.299301387848
2026-08-31 07:47:37,7550.0,7560.5,Put GEX 3,GEX,-281205.008,7302.239255752825,9243.299301387848
2026-08-31 07:47:37,7600.0,7610.5,Call CEX 2,CEX,2534742.298,7302.239255752825,9243.299301387848
2026-08-31 07:47:37,7600.0,7610.5,Call DEX 5,DEX,244.267,7302.239255752825,9243.299301387848
2026-08-31 07:47:37,7600.0,7610.5,Call VEX 5,VEX,1895915.542,7302.239255752825,9243.299301387848
2026-08-31 07:47:37,7625.0,7635.5,Call CEX 3,CEX,1473361.375,7302.239255752825,9243.299301387848
2026-08-31 07:47:37,7650.0,7660.75,Call CEX 1,CEX,3055794.366,7302.239255752825,9243.299301387848
2026-08-31 07:47:37,7650.0,7660.75,Put GEX 4,GEX,-271811.437,7302.239255752825,9243.299301387848
2026-08-31 07:47:37,7700.0,7710.75,Put CEX 1,CEX,-5850164.354,7302.239255752825,9243.299301387848
2026-08-31 07:47:37,7700.0,7710.75,Put DEX 2,DEX,-105.076,7302.239255752825,9243.299301387848
2026-08-31 07:47:37,7725.0,7735.75,Put CEX 5,CEX,-1032316.547,7302.239255752825,9243.299301387848
2026-08-31 07:47:37,7750.0,7760.75,Put CEX 3,CEX,-1775995.912,7302.239255752825,9243.299301387848
2026-08-31 07:47:37,7750.0,7760.75,Put DEX 4,DEX,-39.004,7302.239255752825,9243.299301387848
2026-08-31 07:47:37,7750.0,7760.75,Call GEX 4,GEX,336789.194,7302.239255752825,9243.299301387848
2026-08-31 07:47:37,7750.0,7760.75,Put VEX 4,VEX,-751185.15,7302.239255752825,9243.299301387848
2026-08-31 07:47:37,7775.0,7785.75,Put DEX 5,DEX,-38.427,7302.239255752825,9243.299301387848
2026-08-31 07:47:37,7800.0,7810.75,Put CEX 4,CEX,-1245903.432,7302.239255752825,9243.299301387848
2026-08-31 07:47:37,7800.0,7810.75,Call GEX 1,GEX,618035.668,7302.239255752825,9243.299301387848
2026-08-31 07:47:37,7800.0,7810.75,Put VEX 2,VEX,-1398941.317,7302.239255752825,9243.299301387848
2026-08-31 07:47:37,7850.0,7861.0,Call GEX 3,GEX,342261.509,7302.239255752825,9243.299301387848
2026-08-31 07:47:37,7900.0,7911.0,Call GEX 2,GEX,501016.888,7302.239255752825,9243.299301387848
2026-08-31 07:47:37,7900.0,7911.0,Put VEX 3,VEX,-1065367.104,7302.239255752825,9243.299301387848
2026-08-31 07:47:37,7950.0,7961.0,Call GEX 5,GEX,187200.044,7302.239255752825,9243.299301387848
2026-08-31 07:47:37,8000.0,8011.0,Put CEX 2,CEX,-3428107.556,7302.239255752825,9243.299301387848
2026-08-31 07:47:37,8000.0,8011.0,Put DEX 1,DEX,-2341.402,7302.239255752825,9243.299301387848
2026-08-31 07:47:37,8000.0,8011.0,Put VEX 1,VEX,-10822152.669,7302.239255752825,9243.299301387848
2026-08-31 07:47:37,8200.0,8211.5,Put VEX 5,VEX,-587683.337,7302.239255752825,9243.299301387848
2026-08-31 07:48:23,7000.0,7010.0,Call CEX 5,CEX,1355705.692,7300.671394443938,9241.302745976986
2026-08-31 07:48:23,7000.0,7010.0,Put DEX 3,DEX,-61.101,7300.671394443938,9241.302745976986
2026-08-31 07:48:23,7000.0,7010.0,Put GEX 1,GEX,-705048.257,7300.671394443938,9241.302745976986
2026-08-31 07:48:23,7000.0,7010.0,Call VEX 1,VEX,5542522.857,7300.671394443938,9241.302745976986
2026-08-31 07:48:23,7300.0,7310.5,Call DEX 1,DEX,294.221,7300.671394443938,9241.302745976986
2026-08-31 07:48:23,7400.0,7410.75,Call DEX 2,DEX,291.493,7300.671394443938,9241.302745976986
2026-08-31 07:48:23,7400.0,7410.75,Put GEX 5,GEX,-231316.356,7300.671394443938,9241.302745976986
2026-08-31 07:48:23,7400.0,7410.75,Call VEX 3,VEX,2089562.468,7300.671394443938,9241.302745976986
2026-08-31 07:48:23,7450.0,7460.75,Call DEX 3,DEX,264.161,7300.671394443938,9241.302745976986
2026-08-31 07:48:23,7450.0,7460.75,Call VEX 5,VEX,1895434.46,7300.671394443938,9241.302745976986
2026-08-31 07:48:23,7500.0,7510.75,Call CEX 3,CEX,1482440.566,7300.671394443938,9241.302745976986
2026-08-31 07:48:23,7500.0,7510.75,Call DEX 4,DEX,261.592,7300.671394443938,9241.302745976986
2026-08-31 07:48:23,7500.0,7510.75,Put GEX 2,GEX,-456378.969,7300.671394443938,9241.302745976986
2026-08-31 07:48:23,7500.0,7510.75,Call VEX 2,VEX,3149870.38,7300.671394443938,9241.302745976986
2026-08-31 07:48:23,7550.0,7561.0,Put GEX 3,GEX,-277149.266,7300.671394443938,9241.302745976986
2026-08-31 07:48:23,7600.0,7611.0,Call CEX 2,CEX,2642892.572,7300.671394443938,9241.302745976986
2026-08-31 07:48:23,7600.0,7611.0,Call DEX 5,DEX,244.989,7300.671394443938,9241.302745976986
2026-08-31 07:48:23,7600.0,7611.0,Call VEX 4,VEX,1905666.934,7300.671394443938,9241.302745976986
2026-08-31 07:48:23,7625.0,7636.0,Call CEX 4,CEX,1468830.517,7300.671394443938,9241.302745976986
2026-08-31 07:48:23,7650.0,7661.0,Call CEX 1,CEX,3071943.947,7300.671394443938,9241.302745976986
2026-08-31 07:48:23,7650.0,7661.0,Put GEX 4,GEX,-269386.997,7300.671394443938,9241.302745976986
2026-08-31 07:48:23,7700.0,7711.0,Put CEX 1,CEX,-5853580.481,7300.671394443938,9241.302745976986
2026-08-31 07:48:23,7700.0,7711.0,Put DEX 2,DEX,-104.45,7300.671394443938,9241.302745976986
2026-08-31 07:48:23,7725.0,7736.25,Put CEX 5,CEX,-1016949.4,7300.671394443938,9241.302745976986
2026-08-31 07:48:23,7725.0,7736.25,Put DEX 5,DEX,-32.589,7300.671394443938,9241.302745976986
2026-08-31 07:48:23,7750.0,7761.25,Put CEX 3,CEX,-1642965.446,7300.671394443938,9241.302745976986
2026-08-31 07:48:23,7750.0,7761.25,Put DEX 4,DEX,-38.49,7300.671394443938,9241.302745976986
2026-08-31 07:48:23,7750.0,7761.25,Call GEX 4,GEX,338031.958,7300.671394443938,9241.302745976986
2026-08-31 07:48:23,7750.0,7761.25,Put VEX 4,VEX,-741237.374,7300.671394443938,9241.302745976986
2026-08-31 07:48:23,7800.0,7811.25,Put CEX 4,CEX,-1172721.815,7300.671394443938,9241.302745976986
2026-08-31 07:48:23,7800.0,7811.25,Call GEX 1,GEX,623185.674,7300.671394443938,9241.302745976986
2026-08-31 07:48:23,7800.0,7811.25,Put VEX 2,VEX,-1392965.016,7300.671394443938,9241.302745976986
2026-08-31 07:48:23,7850.0,7861.25,Call GEX 3,GEX,343195.632,7300.671394443938,9241.302745976986
2026-08-31 07:48:23,7900.0,7911.5,Call GEX 2,GEX,502973.046,7300.671394443938,9241.302745976986
2026-08-31 07:48:23,7900.0,7911.5,Put VEX 3,VEX,-1068403.609,7300.671394443938,9241.302745976986
2026-08-31 07:48:23,7950.0,7961.5,Call GEX 5,GEX,187488.886,7300.671394443938,9241.302745976986
2026-08-31 07:48:23,8000.0,8011.5,Put CEX 2,CEX,-3446189.502,7300.671394443938,9241.302745976986
2026-08-31 07:48:23,8000.0,8011.5,Put DEX 1,DEX,-2335.928,7300.671394443938,9241.302745976986
2026-08-31 07:48:23,8000.0,8011.5,Put VEX 1,VEX,-10840431.026,7300.671394443938,9241.302745976986
2026-08-31 07:48:23,8200.0,8211.75,Put VEX 5,VEX,-587370.649,7300.671394443938,9241.302745976986
2026-08-31 07:49:10,7000.0,7009.25,Call CEX 4,CEX,1345276.237,7326.913081281804,9245.23316570121
2026-08-31 07:49:10,7000.0,7009.25,Put DEX 3,DEX,-65.325,7326.913081281804,9245.23316570121
2026-08-31 07:49:10,7000.0,7009.25,Put GEX 1,GEX,-705519.366,7326.913081281804,9245.23316570121
2026-08-31 07:49:10,7000.0,7009.25,Call VEX 1,VEX,5529219.506,7326.913081281804,9245.23316570121
2026-08-31 07:49:10,7300.0,7309.75,Call DEX 1,DEX,294.479,7326.913081281804,9245.23316570121
2026-08-31 07:49:10,7400.0,7409.75,Call DEX 3,DEX,249.985,7326.913081281804,9245.23316570121
2026-08-31 07:49:10,7400.0,7409.75,Put GEX 5,GEX,-234818.642,7326.913081281804,9245.23316570121
2026-08-31 07:49:10,7400.0,7409.75,Call VEX 3,VEX,2081348.515,7326.913081281804,9245.23316570121
2026-08-31 07:49:10,7450.0,7460.0,Call DEX 2,DEX,251.898,7326.913081281804,9245.23316570121
2026-08-31 07:49:10,7450.0,7460.0,Call VEX 4,VEX,1893865.7,7326.913081281804,9245.23316570121
2026-08-31 07:49:10,7500.0,7510.0,Call CEX 3,CEX,1393903.493,7326.913081281804,9245.23316570121
2026-08-31 07:49:10,7500.0,7510.0,Call DEX 4,DEX,247.497,7326.913081281804,9245.23316570121
2026-08-31 07:49:10,7500.0,7510.0,Put GEX 2,GEX,-459607.312,7326.913081281804,9245.23316570121
2026-08-31 07:49:10,7500.0,7510.0,Call VEX 2,VEX,3142598.492,7326.913081281804,9245.23316570121
2026-08-31 07:49:10,7550.0,7560.0,Put GEX 3,GEX,-282165.464,7326.913081281804,9245.23316570121
2026-08-31 07:49:10,7600.0,7610.0,Call CEX 2,CEX,1973101.62,7326.913081281804,9245.23316570121
2026-08-31 07:49:10,7600.0,7610.0,Call DEX 5,DEX,207.292,7326.913081281804,9245.23316570121
2026-08-31 07:49:10,7600.0,7610.0,Call VEX 5,VEX,1862001.041,7326.913081281804,9245.23316570121
2026-08-31 07:49:10,7625.0,7635.25,Call CEX 5,CEX,1295070.712,7326.913081281804,9245.23316570121
2026-08-31 07:49:10,7650.0,7660.25,Call CEX 1,CEX,3055810.502,7326.913081281804,9245.23316570121
2026-08-31 07:49:10,7650.0,7660.25,Put GEX 4,GEX,-265852.643,7326.913081281804,9245.23316570121
2026-08-31 07:49:10,7700.0,7710.25,Put CEX 1,CEX,-5855901.747,7326.913081281804,9245.23316570121
2026-08-31 07:49:10,7700.0,7710.25,Put DEX 2,DEX,-105.913,7326.913081281804,9245.23316570121
2026-08-31 07:49:10,7725.0,7735.25,Put CEX 5,CEX,-1107296.007,7326.913081281804,9245.23316570121
2026-08-31 07:49:10,7750.0,7760.25,Put CEX 3,CEX,-1916080.642,7326.913081281804,9245.23316570121
2026-08-31 07:49:10,7750.0,7760.25,Put DEX 4,DEX,-39.193,7326.913081281804,9245.23316570121
2026-08-31 07:49:10,7750.0,7760.25,Call GEX 4,GEX,320565.169,7326.913081281804,9245.23316570121
2026-08-31 07:49:10,7750.0,7760.25,Put VEX 4,VEX,-762160.508,7326.913081281804,9245.23316570121
2026-08-31 07:49:10,7775.0,7785.25,Put DEX 5,DEX,-38.385,7326.913081281804,9245.23316570121
2026-08-31 07:49:10,7800.0,7810.25,Put CEX 4,CEX,-1328305.418,7326.913081281804,9245.23316570121
2026-08-31 07:49:10,7800.0,7810.25,Call GEX 1,GEX,616568.954,7326.913081281804,9245.23316570121
2026-08-31 07:49:10,7800.0,7810.25,Put VEX 2,VEX,-1406299.803,7326.913081281804,9245.23316570121
2026-08-31 07:49:10,7850.0,7860.5,Call GEX 3,GEX,340488.162,7326.913081281804,9245.23316570121
2026-08-31 07:49:10,7900.0,7910.5,Call GEX 2,GEX,499865.379,7326.913081281804,9245.23316570121
2026-08-31 07:49:10,7900.0,7910.5,Put VEX 3,VEX,-1064927.799,7326.913081281804,9245.23316570121
2026-08-31 07:49:10,7950.0,7960.5,Call GEX 5,GEX,186614.155,7326.913081281804,9245.23316570121
2026-08-31 07:49:10,8000.0,8010.5,Put CEX 2,CEX,-3435969.683,7326.913081281804,9245.23316570121
2026-08-31 07:49:10,8000.0,8010.5,Put DEX 1,DEX,-2334.719,7326.913081281804,9245.23316570121
2026-08-31 07:49:10,8000.0,8010.5,Put VEX 1,VEX,-10838932.004,7326.913081281804,9245.23316570121
2026-08-31 07:49:10,8200.0,8211.0,Put VEX 5,VEX,-586088.733,7326.913081281804,9245.23316570121
2026-08-31 07:49:56,7000.0,7009.0,Call CEX 4,CEX,1349841.483,7335.578801071521,9245.692512859592
2026-08-31 07:49:56,7000.0,7009.0,Put DEX 3,DEX,-66.844,7335.578801071521,9245.692512859592
2026-08-31 07:49:56,7000.0,7009.0,Put GEX 1,GEX,-707493.644,7335.578801071521,9245.692512859592
2026-08-31 07:49:56,7000.0,7009.0,Call VEX 1,VEX,5548275.816,7335.578801071521,9245.692512859592
2026-08-31 07:49:56,7300.0,7309.25,Call DEX 1,DEX,293.348,7335.578801071521,9245.692512859592
2026-08-31 07:49:56,7400.0,7409.5,Call DEX 3,DEX,250.441,7335.578801071521,9245.692512859592
2026-08-31 07:49:56,7400.0,7409.5,Call VEX 3,VEX,2083446.965,7335.578801071521,9245.692512859592
2026-08-31 07:49:56,7450.0,7459.5,Call DEX 2,DEX,250.491,7335.578801071521,9245.692512859592
2026-08-31 07:49:56,7450.0,7459.5,Call VEX 4,VEX,1895735.765,7335.578801071521,9245.692512859592
2026-08-31 07:49:56,7500.0,7509.5,Call CEX 3,CEX,1395695.079,7335.578801071521,9245.692512859592
2026-08-31 07:49:56,7500.0,7509.5,Call DEX 4,DEX,245.89,7335.578801071521,9245.692512859592
2026-08-31 07:49:56,7500.0,7509.5,Put GEX 2,GEX,-459874.095,7335.578801071521,9245.692512859592
2026-08-31 07:49:56,7500.0,7509.5,Call VEX 2,VEX,3136983.339,7335.578801071521,9245.692512859592
2026-08-31 07:49:56,7550.0,7559.5,Put GEX 3,GEX,-283390.608,7335.578801071521,9245.692512859592
2026-08-31 07:49:56,7600.0,7609.75,Call CEX 2,CEX,1977871.039,7335.578801071521,9245.692512859592
2026-08-31 07:49:56,7600.0,7609.75,Call DEX 5,DEX,205.259,7335.578801071521,9245.692512859592
2026-08-31 07:49:56,7600.0,7609.75,Call VEX 5,VEX,1850296.459,7335.578801071521,9245.692512859592
2026-08-31 07:49:56,7625.0,7634.75,Call CEX 5,CEX,1163983.882,7335.578801071521,9245.692512859592
2026-08-31 07:49:56,7650.0,7659.75,Call CEX 1,CEX,3027889.773,7335.578801071521,9245.692512859592
2026-08-31 07:49:56,7650.0,7659.75,Put GEX 4,GEX,-264848.967,7335.578801071521,9245.692512859592
2026-08-31 07:49:56,7700.0,7709.75,Put CEX 1,CEX,-5854975.27,7335.578801071521,9245.692512859592
2026-08-31 07:49:56,7700.0,7709.75,Put DEX 2,DEX,-108.796,7335.578801071521,9245.692512859592
2026-08-31 07:49:56,7725.0,7734.75,Put CEX 5,CEX,-1115633.158,7335.578801071521,9245.692512859592
2026-08-31 07:49:56,7750.0,7759.75,Put CEX 3,CEX,-1946934.1,7335.578801071521,9245.692512859592
2026-08-31 07:49:56,7750.0,7759.75,Put DEX 4,DEX,-40.475,7335.578801071521,9245.692512859592
2026-08-31 07:49:56,7750.0,7759.75,Call GEX 4,GEX,321066.895,7335.578801071521,9245.692512859592
2026-08-31 07:49:56,7750.0,7759.75,Put VEX 4,VEX,-771822.695,7335.578801071521,9245.692512859592
2026-08-31 07:49:56,7775.0,7785.0,Put DEX 5,DEX,-38.891,7335.578801071521,9245.692512859592
2026-08-31 07:49:56,7800.0,7810.0,Put CEX 4,CEX,-1337948.183,7335.578801071521,9245.692512859592
2026-08-31 07:49:56,7800.0,7810.0,Call GEX 1,GEX,614931.064,7335.578801071521,9245.692512859592
2026-08-31 07:49:56,7800.0,7810.0,Put VEX 2,VEX,-1414809.404,7335.578801071521,9245.692512859592
2026-08-31 07:49:56,7850.0,7860.0,Call GEX 3,GEX,339234.825,7335.578801071521,9245.692512859592
2026-08-31 07:49:56,7900.0,7910.0,Call GEX 2,GEX,498009.805,7335.578801071521,9245.692512859592
2026-08-31 07:49:56,7900.0,7910.0,Put VEX 3,VEX,-1064477.975,7335.578801071521,9245.692512859592
2026-08-31 07:49:56,7950.0,7960.0,Call GEX 5,GEX,185653.691,7335.578801071521,9245.692512859592
2026-08-31 07:49:56,8000.0,8010.25,Put CEX 2,CEX,-3431287.596,7335.578801071521,9245.692512859592
2026-08-31 07:49:56,8000.0,8010.25,Put DEX 1,DEX,-2335.209,7335.578801071521,9245.692512859592
2026-08-31 07:49:56,8000.0,8010.25,Put GEX 5,GEX,-237895.38,7335.578801071521,9245.692512859592
2026-08-31 07:49:56,8000.0,8010.25,Put VEX 1,VEX,-10834863.679,7335.578801071521,9245.692512859592
2026-08-31 07:49:56,8200.0,8210.5,Put VEX 5,VEX,-586275.015,7335.578801071521,9245.692512859592
2026-08-31 07:50:43,7000.0,7009.25,Call CEX 4,CEX,1350751.635,7351.438270697976,9246.343670998012
2026-08-31 07:50:43,7000.0,7009.25,Put DEX 3,DEX,-67.06,7351.438270697976,9246.343670998012
2026-08-31 07:50:43,7000.0,7009.25,Put GEX 1,GEX,-709241.526,7351.438270697976,9246.343670998012
2026-08-31 07:50:43,7000.0,7009.25,Call VEX 1,VEX,5547697.371,7351.438270697976,9246.343670998012
2026-08-31 07:50:43,7300.0,7309.5,Call DEX 1,DEX,292.123,7351.438270697976,9246.343670998012
2026-08-31 07:50:43,7400.0,7409.75,Call DEX 2,DEX,249.407,7351.438270697976,9246.343670998012
2026-08-31 07:50:43,7400.0,7409.75,Call VEX 3,VEX,2085663.381,7351.438270697976,9246.343670998012
2026-08-31 07:50:43,7450.0,7459.75,Call DEX 3,DEX,249.178,7351.438270697976,9246.343670998012
2026-08-31 07:50:43,7450.0,7459.75,Call VEX 4,VEX,1897580.226,7351.438270697976,9246.343670998012
2026-08-31 07:50:43,7500.0,7509.75,Call CEX 5,CEX,1319190.079,7351.438270697976,9246.343670998012
2026-08-31 07:50:43,7500.0,7509.75,Call DEX 4,DEX,243.029,7351.438270697976,9246.343670998012
2026-08-31 07:50:43,7500.0,7509.75,Put GEX 2,GEX,-459176.278,7351.438270697976,9246.343670998012
2026-08-31 07:50:43,7500.0,7509.75,Call VEX 2,VEX,3128559.33,7351.438270697976,9246.343670998012
2026-08-31 07:50:43,7550.0,7560.0,Put GEX 3,GEX,-285336.449,7351.438270697976,9246.343670998012
2026-08-31 07:50:43,7600.0,7610.0,Call CEX 2,CEX,1988224.53,7351.438270697976,9246.343670998012
2026-08-31 07:50:43,7600.0,7610.0,Call DEX 5,DEX,202.479,7351.438270697976,9246.343670998012
2026-08-31 07:50:43,7600.0,7610.0,Call VEX 5,VEX,1836370.38,7351.438270697976,9246.343670998012
2026-08-31 07:50:43,7625.0,7635.0,Call CEX 3,CEX,1449326.719,7351.438270697976,9246.343670998012
2026-08-31 07:50:43,7650.0,7660.0,Call CEX 1,CEX,2979830.717,7351.438270697976,9246.343670998012
2026-08-31 07:50:43,7650.0,7660.0,Put GEX 4,GEX,-276566.428,7351.438270697976,9246.343670998012
2026-08-31 07:50:43,7700.0,7710.0,Put CEX 1,CEX,-5839035.58,7351.438270697976,9246.343670998012
2026-08-31 07:50:43,7700.0,7710.0,Put DEX 2,DEX,-113.527,7351.438270697976,9246.343670998012
2026-08-31 07:50:43,7725.0,7735.25,Put CEX 5,CEX,-1088487.635,7351.438270697976,9246.343670998012
2026-08-31 07:50:43,7750.0,7760.25,Put CEX 3,CEX,-1866734.322,7351.438270697976,9246.343670998012
2026-08-31 07:50:43,7750.0,7760.25,Put DEX 4,DEX,-42.602,7351.438270697976,9246.343670998012
2026-08-31 07:50:43,7750.0,7760.25,Call GEX 4,GEX,322525.376,7351.438270697976,9246.343670998012
2026-08-31 07:50:43,7750.0,7760.25,Put VEX 4,VEX,-778774.265,7351.438270697976,9246.343670998012
2026-08-31 07:50:43,7775.0,7785.25,Put DEX 5,DEX,-39.668,7351.438270697976,9246.343670998012
2026-08-31 07:50:43,7800.0,7810.25,Put CEX 4,CEX,-1300732.559,7351.438270697976,9246.343670998012
2026-08-31 07:50:43,7800.0,7810.25,Call GEX 1,GEX,611895.923,7351.438270697976,9246.343670998012
2026-08-31 07:50:43,7800.0,7810.25,Put VEX 2,VEX,-1421347.199,7351.438270697976,9246.343670998012
2026-08-31 07:50:43,7850.0,7860.25,Call GEX 3,GEX,337460.864,7351.438270697976,9246.343670998012
2026-08-31 07:50:43,7850.0,7860.25,Put VEX 5,VEX,-584992.794,7351.438270697976,9246.343670998012
2026-08-31 07:50:43,7900.0,7910.5,Call GEX 2,GEX,495209.299,7351.438270697976,9246.343670998012
2026-08-31 07:50:43,7900.0,7910.5,Put VEX 3,VEX,-1064600.28,7351.438270697976,9246.343670998012
2026-08-31 07:50:43,7950.0,7960.5,Call GEX 5,GEX,184478.515,7351.438270697976,9246.343670998012
2026-08-31 07:50:43,8000.0,8010.5,Put CEX 2,CEX,-3424678.669,7351.438270697976,9246.343670998012
2026-08-31 07:50:43,8000.0,8010.5,Put DEX 1,DEX,-2337.501,7351.438270697976,9246.343670998012
2026-08-31 07:50:43,8000.0,8010.5,Put GEX 5,GEX,-242889.919,7351.438270697976,9246.343670998012
2026-08-31 07:50:43,8000.0,8010.5,Put VEX 1,VEX,-10822107.128,7351.438270697976,9246.343670998012
2026-08-31 07:51:29,7000.0,7009.25,Call CEX 4,CEX,1349912.947,7326.059951330787,9241.2298576293
2026-08-31 07:51:29,7000.0,7009.25,Put DEX 3,DEX,-66.37,7326.059951330787,9241.2298576293
2026-08-31 07:51:29,7000.0,7009.25,Put GEX 1,GEX,-706606.752,7326.059951330787,9241.2298576293
2026-08-31 07:51:29,7000.0,7009.25,Call VEX 1,VEX,5545294.206,7326.059951330787,9241.2298576293
2026-08-31 07:51:29,7300.0,7309.5,Call DEX 1,DEX,293.724,7326.059951330787,9241.2298576293
2026-08-31 07:51:29,7400.0,7409.75,Call DEX 3,DEX,251.225,7326.059951330787,9241.2298576293
2026-08-31 07:51:29,7400.0,7409.75,Put GEX 5,GEX,-235844.234,7326.059951330787,9241.2298576293
2026-08-31 07:51:29,7400.0,7409.75,Call VEX 3,VEX,2079594.636,7326.059951330787,9241.2298576293
2026-08-31 07:51:29,7450.0,7459.75,Call DEX 2,DEX,251.36,7326.059951330787,9241.2298576293
2026-08-31 07:51:29,7450.0,7459.75,Call VEX 4,VEX,1894263.137,7326.059951330787,9241.2298576293
2026-08-31 07:51:29,7500.0,7509.75,Call CEX 5,CEX,1318355.535,7326.059951330787,9241.2298576293
2026-08-31 07:51:29,7500.0,7509.75,Call DEX 4,DEX,245.991,7326.059951330787,9241.2298576293
2026-08-31 07:51:29,7500.0,7509.75,Put GEX 2,GEX,-458636.41,7326.059951330787,9241.2298576293
2026-08-31 07:51:29,7500.0,7509.75,Call VEX 2,VEX,3135610.235,7326.059951330787,9241.2298576293
2026-08-31 07:51:29,7550.0,7560.0,Put GEX 3,GEX,-283186.245,7326.059951330787,9241.2298576293
2026-08-31 07:51:29,7600.0,7610.0,Call CEX 2,CEX,2126083.207,7326.059951330787,9241.2298576293
2026-08-31 07:51:29,7600.0,7610.0,Call DEX 5,DEX,242.987,7326.059951330787,9241.2298576293
2026-08-31 07:51:29,7600.0,7610.0,Call VEX 5,VEX,1865421.268,7326.059951330787,9241.2298576293
2026-08-31 07:51:29,7625.0,7635.0,Call CEX 3,CEX,1450044.292,7326.059951330787,9241.2298576293
2026-08-31 07:51:29,7650.0,7660.0,Call CEX 1,CEX,3065264.027,7326.059951330787,9241.2298576293
2026-08-31 07:51:29,7650.0,7660.0,Put GEX 4,GEX,-273742.493,7326.059951330787,9241.2298576293
2026-08-31 07:51:29,7700.0,7710.0,Put CEX 1,CEX,-5886013.056,7326.059951330787,9241.2298576293
2026-08-31 07:51:29,7700.0,7710.0,Put DEX 2,DEX,-108.197,7326.059951330787,9241.2298576293
2026-08-31 07:51:29,7725.0,7735.0,Put CEX 5,CEX,-1089569.593,7326.059951330787,9241.2298576293
2026-08-31 07:51:29,7750.0,7760.25,Put CEX 3,CEX,-1814219.477,7326.059951330787,9241.2298576293
2026-08-31 07:51:29,7750.0,7760.25,Put DEX 4,DEX,-40.082,7326.059951330787,9241.2298576293
2026-08-31 07:51:29,7750.0,7760.25,Call GEX 4,GEX,326184.474,7326.059951330787,9241.2298576293
2026-08-31 07:51:29,7750.0,7760.25,Put VEX 4,VEX,-760772.579,7326.059951330787,9241.2298576293
2026-08-31 07:51:29,7775.0,7785.25,Put DEX 5,DEX,-38.814,7326.059951330787,9241.2298576293
2026-08-31 07:51:29,7800.0,7810.25,Put CEX 4,CEX,-1279184.849,7326.059951330787,9241.2298576293
2026-08-31 07:51:29,7800.0,7810.25,Call GEX 1,GEX,615896.991,7326.059951330787,9241.2298576293
2026-08-31 07:51:29,7800.0,7810.25,Put VEX 2,VEX,-1408047.193,7326.059951330787,9241.2298576293
2026-08-31 07:51:29,7850.0,7860.25,Call GEX 3,GEX,339820.43,7326.059951330787,9241.2298576293
2026-08-31 07:51:29,7900.0,7910.25,Call GEX 2,GEX,498553.132,7326.059951330787,9241.2298576293
2026-08-31 07:51:29,7900.0,7910.25,Put VEX 3,VEX,-1065362.396,7326.059951330787,9241.2298576293
2026-08-31 07:51:29,7950.0,7960.5,Call GEX 5,GEX,186025.654,7326.059951330787,9241.2298576293
2026-08-31 07:51:29,8000.0,8010.5,Put CEX 2,CEX,-3429223.955,7326.059951330787,9241.2298576293
2026-08-31 07:51:29,8000.0,8010.5,Put DEX 1,DEX,-2337.607,7326.059951330787,9241.2298576293
2026-08-31 07:51:29,8000.0,8010.5,Put VEX 1,VEX,-10825083.733,7326.059951330787,9241.2298576293
2026-08-31 07:51:29,8200.0,8210.75,Put VEX 5,VEX,-585327.307,7326.059951330787,9241.2298576293
